session_id,station_id,district,operator,start_time,duration_min,energy_kwh,price_eur,lon,lat
S0000,ST035,Charlottenburg,Ionity,2026-08-12 18:03:00,63,7.26,5.47,13.28859,52.50006
S0001,ST036,Pankow,Ubitricity,2026-08-02 18:07:00,38,4.85,3.73,13.40523,52.57199
S0002,ST009,Mitte,EnBW,2026-08-14 04:34:00,27,6.12,2.68,13.39234,52.52759
S0003,ST013,Kreuzberg,EnBW,2026-08-04 17:45:00,35,5.34,2.22,13.40238,52.48294
S0004,ST030,Spandau,EnBW,2026-08-10 07:50:00,11,22.94,10.6,13.21119,52.52996
S0005,ST029,Charlottenburg,EnBW,2026-08-20 02:07:00,38,90.26,53.68,13.2866,52.50621
S0006,ST037,Pankow,EnBW,2026-08-11 22:22:00,5,0.83,0.52,13.4032,52.56895
S0007,ST005,Mitte,Ionity,2026-08-24 22:19:00,69,45.4,29.46,13.41972,52.52773
S0008,ST030,Charlottenburg,EnBW,2026-08-06 19:07:00,36,18.27,10.73,13.28873,52.5049
S0009,ST032,Spandau,Ionity,2026-08-06 14:25:00,5,1.39,0.85,13.21534,52.54766
S0010,ST025,Neukoelln,Allego,2026-08-05 02:11:00,41,29.83,13.44,13.44634,52.46829
S0011,ST001,Neukoelln,Allego,2026-08-14 17:23:00,65,16.8,10.65,13.43274,52.47101
S0012,ST036,Neukoelln,Ubitricity,2026-08-13 12:25:00,72,10.33,4.46,13.44537,52.46949
S0013,ST008,Mitte,EnBW,2026-08-20 01:06:00,36,10.25,4.0,13.38605,52.51044
S0014,ST010,Charlottenburg,EnBW,2026-08-12 19:23:00,39,12.09,7.01,13.28461,52.50971
S0015,ST006,Pankow,Allego,2026-08-04 23:21:00,39,77.37,53.09,13.39914,52.57461
S0016,ST035,Neukoelln,Ionity,2026-08-25 16:19:00,93,51.04,39.88,13.45453,52.48471
S0017,ST023,Charlottenburg,Allego,2026-08-18 17:49:00,52,41.74,24.67,13.30546,52.51272
S0018,ST032,Kreuzberg,EnBW,2026-08-24 00:01:00,57,14.21,10.03,13.41889,52.48265
S0019,ST023,Neukoelln,EnBW,2026-08-03 07:06:00,10,6.49,3.12,13.42787,52.4729
S0020,ST023,Neukoelln,Ionity,2026-08-27 21:07:00,72,10.45,7.88,13.45129,52.486
S0021,ST022,Pankow,Ionity,2026-08-26 23:25:00,42,11.91,6.85,13.40973,52.56004
S0022,ST030,Kreuzberg,Allego,2026-08-20 19:30:00,50,15.33,10.01,13.41402,52.49117
S0023,ST007,Kreuzberg,Allego,2026-08-14 06:52:00,54,6.0,4.44,13.40112,52.48311
S0024,ST009,Neukoelln,Ionity,2026-08-24 11:57:00,46,31.35,17.97,13.44333,52.4897
S0025,ST034,Pankow,Ionity,2026-08-28 14:49:00,71,21.16,9.8,13.38016,52.57718
S0026,ST021,Kreuzberg,Ubitricity,2026-08-26 03:56:00,62,9.35,5.74,13.40994,52.48465
S0027,ST005,Mitte,Ubitricity,2026-08-11 19:32:00,66,136.07,86.06,13.38798,52.51465
S0028,ST017,Neukoelln,Allego,2026-08-27 14:08:00,22,7.1,3.95,13.43569,52.47558
S0029,ST014,Spandau,EnBW,2026-08-26 03:57:00,40,11.31,7.93,13.21758,52.54344
S0030,ST007,Charlottenburg,Ubitricity,2026-08-16 05:42:00,70,120.37,87.02,13.28646,52.50836
S0031,ST013,Neukoelln,EnBW,2026-08-11 02:46:00,77,141.61,75.96,13.43352,52.47901
S0032,ST005,Spandau,Ionity,2026-08-26 07:56:00,62,41.59,17.96,13.19062,52.52895
S0033,ST028,Kreuzberg,EnBW,2026-08-13 04:34:00,47,35.34,26.78,13.42282,52.49481
S0034,ST005,Mitte,EnBW,2026-08-01 20:05:00,38,10.73,7.63,13.38335,52.52855
S0035,ST030,Mitte,Ionity,2026-08-11 17:26:00,80,63.01,47.93,13.39071,52.5111
S0036,ST012,Neukoelln,Allego,2026-08-10 20:19:00,33,8.53,5.14,13.42823,52.4787
S0037,ST002,Spandau,EnBW,2026-08-02 00:01:00,5,1.3,0.89,13.20204,52.53255
S0038,ST035,Pankow,Ubitricity,2026-08-17 09:44:00,45,97.04,46.2,13.38918,52.56277
S0039,ST023,Spandau,Ionity,2026-08-27 04:00:00,66,18.44,7.71,13.20964,52.53413
S0040,ST019,Kreuzberg,Allego,2026-08-23 09:02:00,72,170.68,97.93,13.4063,52.4887
S0041,ST036,Charlottenburg,EnBW,2026-08-08 01:56:00,55,45.13,23.19,13.29426,52.49803
S0042,ST001,Pankow,Ionity,2026-08-09 02:09:00,58,14.87,8.18,13.38167,52.55854
S0043,ST034,Charlottenburg,Allego,2026-08-22 22:50:00,53,12.32,9.14,13.29558,52.50583
S0044,ST033,Pankow,Ubitricity,2026-08-24 22:51:00,63,14.26,8.45,13.4164,52.57607
S0045,ST038,Neukoelln,Allego,2026-08-03 00:02:00,70,11.94,5.29,13.43443,52.47052
S0046,ST001,Pankow,Ubitricity,2026-08-26 02:47:00,18,5.25,4.01,13.41591,52.56021
S0047,ST031,Neukoelln,EnBW,2026-08-26 02:54:00,34,5.6,2.78,13.44917,52.47293
S0048,ST019,Spandau,Ionity,2026-08-20 20:41:00,31,48.88,22.94,13.20399,52.53596
S0049,ST009,Spandau,Ionity,2026-08-16 01:31:00,27,19.09,9.5,13.20688,52.54461
S0050,ST030,Spandau,Ionity,2026-08-18 06:19:00,13,8.51,6.65,13.21745,52.52842
S0051,ST029,Pankow,EnBW,2026-08-13 06:58:00,47,8.0,6.15,13.38843,52.57196
S0052,ST033,Kreuzberg,EnBW,2026-08-04 22:23:00,44,23.94,11.55,13.43591,52.48967
S0053,ST032,Mitte,Ubitricity,2026-08-13 09:46:00,29,6.4,2.86,13.39376,52.51559
S0054,ST013,Charlottenburg,Ionity,2026-08-24 09:16:00,78,126.36,68.09,13.29572,52.52197
S0055,ST028,Neukoelln,EnBW,2026-08-28 01:17:00,45,6.14,2.64,13.45339,52.47485
S0056,ST024,Kreuzberg,Ubitricity,2026-08-01 20:25:00,45,25.35,19.15,13.43763,52.49118
S0057,ST027,Spandau,Ubitricity,2026-08-20 04:41:00,60,6.82,5.03,13.19942,52.54989
S0058,ST017,Neukoelln,EnBW,2026-08-13 20:15:00,60,35.63,18.18,13.44229,52.47746
S0059,ST033,Kreuzberg,Ubitricity,2026-08-18 07:28:00,61,14.09,10.6,13.43986,52.4888
S0060,ST006,Kreuzberg,EnBW,2026-08-08 11:16:00,30,8.1,5.78,13.40809,52.47848
S0061,ST034,Pankow,Allego,2026-08-13 08:21:00,40,76.56,52.89,13.39993,52.57178
S0062,ST016,Charlottenburg,Ubitricity,2026-08-13 20:28:00,61,14.25,8.02,13.29248,52.51754
S0063,ST031,Mitte,Ubitricity,2026-08-01 02:25:00,61,13.71,10.45,13.41713,52.52067
S0064,ST010,Pankow,Ionity,2026-08-27 23:44:00,59,7.46,4.84,13.41059,52.56898
S0065,ST009,Neukoelln,Allego,2026-08-19 01:41:00,42,4.62,3.12,13.4585,52.48304
S0066,ST020,Neukoelln,Allego,2026-08-13 08:14:00,24,2.82,1.99,13.42005,52.4809
S0067,ST016,Pankow,Ubitricity,2026-08-17 07:35:00,21,17.21,8.41,13.41842,52.57491
S0068,ST015,Charlottenburg,Ubitricity,2026-08-12 07:31:00,57,90.12,36.38,13.29352,52.50809
S0069,ST019,Spandau,Ionity,2026-08-07 15:12:00,49,83.21,42.83,13.2128,52.53354
S0070,ST032,Kreuzberg,Allego,2026-08-08 15:26:00,41,7.37,5.56,13.40226,52.49228
S0071,ST039,Pankow,Allego,2026-08-14 01:45:00,86,10.8,4.47,13.39573,52.57956
S0072,ST012,Charlottenburg,Ubitricity,2026-08-02 09:42:00,37,9.93,6.75,13.31357,52.52164
S0073,ST006,Pankow,EnBW,2026-08-03 11:26:00,5,1.18,0.91,13.38495,52.58114
S0074,ST028,Kreuzberg,Ionity,2026-08-02 22:30:00,20,15.48,7.25,13.42166,52.48871
S0075,ST031,Charlottenburg,Ionity,2026-08-21 13:15:00,68,50.71,36.24,13.31067,52.49898
S0076,ST005,Mitte,EnBW,2026-08-12 08:21:00,9,1.16,0.9,13.40468,52.51429
S0077,ST020,Spandau,Ionity,2026-08-24 19:58:00,53,42.83,30.51,13.21786,52.52957
S0078,ST025,Kreuzberg,EnBW,2026-08-14 15:08:00,69,169.32,128.89,13.40732,52.49726
S0079,ST010,Spandau,Allego,2026-08-11 10:29:00,64,49.55,26.5,13.21129,52.5299
S0080,ST003,Kreuzberg,Ubitricity,2026-08-18 17:20:00,35,54.77,24.88,13.41706,52.48053
S0081,ST014,Mitte,Ionity,2026-08-14 15:45:00,52,36.83,28.68,13.38693,52.51119
S0082,ST019,Pankow,EnBW,2026-08-09 18:17:00,23,3.85,2.08,13.40952,52.56278
S0083,ST010,Kreuzberg,EnBW,2026-08-19 06:20:00,24,6.14,2.55,13.41007,52.4839
S0084,ST007,Neukoelln,Ionity,2026-08-16 07:53:00,49,122.06,69.49,13.43496,52.48905
S0085,ST039,Kreuzberg,Allego,2026-08-03 11:32:00,81,9.21,6.78,13.41796,52.48424
S0086,ST024,Spandau,EnBW,2026-08-05 01:13:00,53,30.35,23.97,13.18153,52.54557
S0087,ST027,Kreuzberg,EnBW,2026-08-06 19:19:00,41,6.97,2.94,13.40126,52.4899
S0088,ST010,Pankow,Ionity,2026-08-21 05:25:00,53,114.69,76.63,13.39639,52.5648
S0089,ST020,Charlottenburg,EnBW,2026-08-14 13:01:00,48,117.75,86.63,13.31986,52.50673
S0090,ST011,Kreuzberg,Ubitricity,2026-08-04 02:25:00,29,4.11,2.55,13.41459,52.49655
S0091,ST010,Kreuzberg,Ubitricity,2026-08-03 18:39:00,57,6.49,4.94,13.42949,52.48212
S0092,ST032,Charlottenburg,Allego,2026-08-10 04:53:00,39,4.6,3.53,13.31902,52.50959
S0093,ST040,Mitte,Allego,2026-08-21 07:39:00,68,107.87,59.52,13.41385,52.5279
S0094,ST008,Kreuzberg,Allego,2026-08-08 23:52:00,39,10.77,8.07,13.40164,52.4915
S0095,ST021,Spandau,Ionity,2026-08-13 19:29:00,42,6.68,4.07,13.20508,52.53535
S0096,ST029,Pankow,Ubitricity,2026-08-06 00:00:00,39,84.19,53.68,13.39958,52.56365
S0097,ST031,Neukoelln,Ubitricity,2026-08-04 02:08:00,59,137.86,73.54,13.43461,52.48725
S0098,ST021,Neukoelln,Ionity,2026-08-02 16:57:00,39,9.05,4.9,13.45803,52.47127
S0099,ST032,Mitte,EnBW,2026-08-26 05:43:00,44,5.47,3.86,13.41722,52.50957
S0100,ST018,Charlottenburg,Ubitricity,2026-08-05 08:32:00,33,26.36,20.45,13.2992,52.51221
S0101,ST003,Neukoelln,Allego,2026-08-06 12:10:00,35,9.34,6.02,13.43113,52.47587
S0102,ST004,Pankow,EnBW,2026-08-28 14:35:00,62,10.31,6.17,13.40755,52.57951
S0103,ST024,Charlottenburg,EnBW,2026-08-13 11:36:00,75,167.84,75.27,13.29323,52.49995
S0104,ST034,Kreuzberg,EnBW,2026-08-10 20:55:00,59,7.77,4.85,13.42655,52.4855
S0105,ST019,Mitte,Ubitricity,2026-08-14 16:23:00,74,9.34,6.99,13.38528,52.51345
S0106,ST034,Spandau,EnBW,2026-08-18 07:26:00,51,30.66,19.11,13.20356,52.5329
S0107,ST001,Neukoelln,Allego,2026-08-23 04:28:00,46,76.3,32.68,13.44553,52.48891
S0108,ST036,Charlottenburg,EnBW,2026-08-20 20:37:00,32,3.65,2.07,13.31749,52.5156
S0109,ST003,Kreuzberg,Ionity,2026-08-18 00:25:00,54,19.04,8.84,13.40637,52.49988
S0110,ST013,Mitte,Ubitricity,2026-08-27 19:11:00,70,16.86,10.01,13.38255,52.52302
S0111,ST001,Spandau,Ubitricity,2026-08-28 13:47:00,46,101.91,76.93,13.18322,52.54373
S0112,ST008,Kreuzberg,EnBW,2026-08-24 22:54:00,46,14.46,7.16,13.4021,52.49326
S0113,ST034,Spandau,EnBW,2026-08-10 20:59:00,54,118.03,91.6,13.18868,52.54912
S0114,ST021,Mitte,Allego,2026-08-13 10:38:00,65,23.31,11.32,13.4163,52.52314
S0115,ST034,Spandau,Ionity,2026-08-28 00:27:00,82,161.72,124.89,13.18935,52.54923
S0116,ST002,Kreuzberg,Ionity,2026-08-04 19:59:00,24,5.79,2.63,13.4391,52.49482
S0117,ST003,Mitte,Ionity,2026-08-24 01:04:00,61,7.33,5.37,13.41047,52.51278
S0118,ST014,Neukoelln,Allego,2026-08-04 01:02:00,50,80.36,61.85,13.45644,52.48609
S0119,ST009,Mitte,Ionity,2026-08-26 20:13:00,40,26.36,13.39,13.39346,52.51427
S0120,ST039,Charlottenburg,Ubitricity,2026-08-28 09:39:00,44,35.35,24.33,13.31156,52.49875
S0121,ST004,Neukoelln,Allego,2026-08-23 02:36:00,61,8.26,5.93,13.42681,52.46803
S0122,ST032,Kreuzberg,Ionity,2026-08-16 22:50:00,37,4.08,2.94,13.43869,52.49222
S0123,ST011,Neukoelln,EnBW,2026-08-27 06:44:00,77,53.34,25.74,13.42663,52.49053
S0124,ST023,Mitte,Ionity,2026-08-13 12:57:00,5,0.78,0.58,13.38345,52.52932
S0125,ST017,Mitte,Ubitricity,2026-08-18 16:10:00,48,27.3,14.79,13.41536,52.51361
S0126,ST021,Pankow,Allego,2026-08-28 14:42:00,63,8.54,5.22,13.39293,52.56912
S0127,ST009,Spandau,EnBW,2026-08-15 20:56:00,64,44.36,29.66,13.20031,52.53442
S0128,ST021,Spandau,EnBW,2026-08-06 07:20:00,57,20.69,15.98,13.19035,52.55092
S0129,ST007,Mitte,Allego,2026-08-13 04:09:00,20,7.22,5.11,13.40933,52.51844
S0130,ST025,Kreuzberg,Ubitricity,2026-08-02 00:25:00,79,44.94,32.88,13.41746,52.48334
S0131,ST010,Spandau,EnBW,2026-08-20 23:25:00,72,47.12,18.48,13.18969,52.54847
S0132,ST038,Spandau,Allego,2026-08-22 05:41:00,15,35.19,15.47,13.1973,52.53424
S0133,ST016,Spandau,Ubitricity,2026-08-23 22:40:00,30,5.27,2.39,13.21398,52.53959
S0134,ST021,Mitte,Ionity,2026-08-13 15:58:00,30,10.54,8.22,13.38153,52.52104
S0135,ST007,Kreuzberg,Ubitricity,2026-08-18 06:45:00,30,8.88,5.15,13.40064,52.49702
S0136,ST012,Charlottenburg,Ubitricity,2026-08-17 03:46:00,24,41.04,32.17,13.29422,52.49936
S0137,ST001,Charlottenburg,Ionity,2026-08-14 13:40:00,42,79.79,53.4,13.29409,52.50436
S0138,ST026,Kreuzberg,Ubitricity,2026-08-07 05:08:00,38,13.9,10.59,13.40276,52.49716
S0139,ST015,Kreuzberg,Allego,2026-08-12 21:40:00,64,137.1,99.02,13.43181,52.48792
S0140,ST015,Charlottenburg,EnBW,2026-08-23 12:43:00,46,85.32,41.93,13.29704,52.50246
S0141,ST020,Mitte,EnBW,2026-08-16 15:27:00,16,9.91,6.34,13.38342,52.52953
S0142,ST037,Kreuzberg,EnBW,2026-08-26 04:33:00,80,9.3,6.72,13.42533,52.47836
S0143,ST019,Mitte,EnBW,2026-08-20 03:37:00,27,9.71,4.34,13.38935,52.52663
S0144,ST011,Charlottenburg,Ionity,2026-08-22 17:50:00,47,107.71,69.43,13.29188,52.50987
S0145,ST029,Kreuzberg,Ionity,2026-08-18 03:16:00,31,5.1,2.84,13.43308,52.48936
S0146,ST016,Neukoelln,Ubitricity,2026-08-06 17:38:00,65,20.98,15.42,13.42026,52.48818
S0147,ST030,Pankow,EnBW,2026-08-14 13:43:00,53,114.76,48.22,13.40548,52.57327
S0148,ST007,Mitte,Ubitricity,2026-08-16 04:02:00,51,39.25,18.66,13.39662,52.51105
S0149,ST034,Mitte,Allego,2026-08-10 13:21:00,45,27.62,15.44,13.40216,52.52784
S0150,ST018,Charlottenburg,EnBW,2026-08-07 20:31:00,30,20.04,14.16,13.29324,52.50561
S0151,ST006,Charlottenburg,Ionity,2026-08-13 23:35:00,63,19.28,14.35,13.30182,52.49919
S0152,ST004,Charlottenburg,Ubitricity,2026-08-20 04:40:00,49,103.33,68.14,13.30756,52.51903
S0153,ST030,Mitte,Allego,2026-08-04 21:11:00,48,10.84,8.0,13.39686,52.51041
S0154,ST036,Spandau,EnBW,2026-08-28 09:11:00,85,28.51,15.93,13.19274,52.53834
S0155,ST034,Spandau,Ionity,2026-08-27 03:49:00,48,7.03,5.02,13.20301,52.55005
S0156,ST027,Pankow,Ionity,2026-08-03 20:30:00,72,20.86,9.91,13.38607,52.55837
S0157,ST008,Mitte,Ionity,2026-08-07 03:08:00,57,9.13,5.29,13.39102,52.52166
S0158,ST010,Pankow,Ionity,2026-08-10 20:35:00,43,5.88,3.96,13.39842,52.58038
S0159,ST001,Charlottenburg,Ionity,2026-08-01 20:43:00,32,5.2,3.73,13.28319,52.50547
S0160,ST021,Spandau,EnBW,2026-08-19 23:28:00,5,10.54,6.09,13.18666,52.55119
S0161,ST011,Mitte,Ubitricity,2026-08-16 12:49:00,15,12.27,8.64,13.4178,52.52683
S0162,ST001,Neukoelln,Allego,2026-08-20 09:37:00,36,28.43,15.96,13.45552,52.47704
S0163,ST015,Spandau,Ubitricity,2026-08-10 22:00:00,59,124.01,64.31,13.19072,52.53177
S0164,ST036,Mitte,Ubitricity,2026-08-12 17:05:00,42,10.93,6.62,13.39939,52.51716
S0165,ST004,Spandau,Ubitricity,2026-08-15 22:13:00,55,14.6,11.1,13.20346,52.52822
S0166,ST015,Pankow,Ubitricity,2026-08-19 16:57:00,36,27.27,13.47,13.41333,52.5657
S0167,ST013,Neukoelln,Ionity,2026-08-06 22:18:00,47,11.64,6.23,13.44258,52.47766
S0168,ST007,Neukoelln,EnBW,2026-08-21 14:50:00,54,101.2,42.78,13.43263,52.46873
S0169,ST014,Charlottenburg,Ubitricity,2026-08-19 18:13:00,33,3.86,1.91,13.31117,52.50822
S0170,ST003,Pankow,EnBW,2026-08-07 05:24:00,48,12.35,5.23,13.38204,52.57138
S0171,ST005,Spandau,Ubitricity,2026-08-04 22:05:00,8,15.89,7.83,13.20258,52.54338
S0172,ST016,Spandau,Allego,2026-08-06 01:16:00,32,8.78,6.73,13.18237,52.54127
S0173,ST033,Mitte,Ubitricity,2026-08-02 03:09:00,44,5.67,2.93,13.38023,52.51277
S0174,ST024,Spandau,EnBW,2026-08-13 03:23:00,36,5.2,3.03,13.18674,52.53372
S0175,ST013,Kreuzberg,Ionity,2026-08-06 07:04:00,70,10.1,7.71,13.43467,52.49933
S0176,ST005,Kreuzberg,Ubitricity,2026-08-11 10:52:00,53,124.14,60.03,13.40462,52.48678
S0177,ST012,Charlottenburg,Ubitricity,2026-08-18 04:28:00,5,1.64,1.21,13.29066,52.50788
S0178,ST011,Kreuzberg,EnBW,2026-08-16 03:20:00,70,42.81,24.51,13.4193,52.48168
S0179,ST014,Neukoelln,Ubitricity,2026-08-27 09:07:00,49,7.66,3.78,13.42806,52.47674
S0180,ST027,Charlottenburg,Allego,2026-08-02 23:18:00,90,12.47,5.58,13.30559,52.50861
S0181,ST029,Neukoelln,Ionity,2026-08-26 16:18:00,44,29.49,13.69,13.43741,52.48989
S0182,ST015,Kreuzberg,Allego,2026-08-07 19:05:00,42,12.45,8.98,13.43557,52.49554
S0183,ST040,Charlottenburg,Allego,2026-08-19 09:12:00,57,14.26,5.62,13.30769,52.51047
S0184,ST032,Spandau,Ionity,2026-08-01 13:58:00,65,39.76,27.64,13.18533,52.54397
S0185,ST024,Kreuzberg,Ionity,2026-08-06 22:23:00,32,9.68,6.0,13.43432,52.48655
S0186,ST021,Pankow,Ubitricity,2026-08-19 01:18:00,52,38.39,28.37,13.41816,52.56988
S0187,ST035,Neukoelln,Allego,2026-08-01 07:05:00,43,6.4,3.07,13.4273,52.47046
S0188,ST013,Charlottenburg,EnBW,2026-08-01 19:40:00,5,0.59,0.37,13.30092,52.51486
S0189,ST012,Mitte,Ionity,2026-08-09 03:29:00,28,22.12,12.99,13.40003,52.51471
S0190,ST010,Mitte,Ubitricity,2026-08-24 12:10:00,75,25.97,19.98,13.38074,52.52324
S0191,ST039,Spandau,Ionity,2026-08-13 01:49:00,73,153.08,81.94,13.19603,52.54813
S0192,ST036,Spandau,Ionity,2026-08-11 16:09:00,5,3.86,2.98,13.21737,52.53398
S0193,ST034,Pankow,Allego,2026-08-03 10:27:00,67,9.16,4.31,13.40677,52.56341
S0194,ST003,Pankow,Ionity,2026-08-28 20:39:00,79,168.52,83.64,13.40714,52.56456
S0195,ST017,Neukoelln,Ionity,2026-08-17 00:27:00,38,5.91,2.86,13.42158,52.47071
S0196,ST038,Charlottenburg,Allego,2026-08-15 03:32:00,38,20.07,8.88,13.29174,52.50776
S0197,ST006,Charlottenburg,EnBW,2026-08-27 14:39:00,36,20.92,13.97,13.28886,52.50728
S0198,ST031,Neukoelln,EnBW,2026-08-01 07:21:00,39,27.47,13.15,13.4405,52.4772
S0199,ST023,Neukoelln,Allego,2026-08-28 07:20:00,23,34.77,21.3,13.43966,52.47484
S0200,ST039,Kreuzberg,EnBW,2026-08-15 21:03:00,35,10.53,6.28,13.43337,52.4865
S0201,ST010,Mitte,Ubitricity,2026-08-11 21:22:00,78,28.48,12.71,13.3881,52.52266
S0202,ST009,Charlottenburg,Ubitricity,2026-08-28 03:00:00,55,97.28,53.91,13.302,52.50082
S0203,ST018,Pankow,Ionity,2026-08-13 14:44:00,23,6.47,3.71,13.40892,52.56503
S0204,ST032,Pankow,Ubitricity,2026-08-15 09:11:00,18,9.04,5.47,13.41212,52.56846
S0205,ST022,Pankow,EnBW,2026-08-27 19:53:00,40,9.32,4.54,13.39303,52.58133
S0206,ST035,Mitte,EnBW,2026-08-18 19:27:00,60,107.99,64.47,13.40069,52.52445
S0207,ST039,Pankow,EnBW,2026-08-15 00:43:00,47,87.31,36.44,13.38917,52.56783
S0208,ST027,Neukoelln,Ubitricity,2026-08-13 14:49:00,24,8.38,5.36,13.45984,52.47624
S0209,ST021,Neukoelln,EnBW,2026-08-03 09:32:00,59,7.23,3.33,13.44624,52.47508
S0210,ST034,Charlottenburg,EnBW,2026-08-27 16:13:00,71,151.31,89.57,13.28752,52.50238
S0211,ST003,Spandau,Ubitricity,2026-08-01 00:19:00,5,0.68,0.46,13.20212,52.55001
S0212,ST032,Pankow,EnBW,2026-08-28 20:57:00,59,7.34,4.42,13.41988,52.57179
S0213,ST034,Pankow,Ionity,2026-08-01 03:04:00,22,2.65,1.21,13.4009,52.57776
S0214,ST038,Neukoelln,EnBW,2026-08-05 22:15:00,12,1.92,1.02,13.42678,52.4744
S0215,ST029,Mitte,Ubitricity,2026-08-01 01:14:00,60,8.14,6.07,13.40331,52.53103
S0216,ST038,Pankow,Allego,2026-08-11 00:57:00,58,13.13,9.67,13.39822,52.56804
S0217,ST005,Charlottenburg,Allego,2026-08-22 12:43:00,49,121.5,82.3,13.28886,52.50542
S0218,ST011,Spandau,EnBW,2026-08-13 05:00:00,9,2.1,1.64,13.19163,52.54148
S0219,ST025,Mitte,EnBW,2026-08-13 20:04:00,48,32.54,25.2,13.39689,52.52991
S0220,ST028,Neukoelln,Ionity,2026-08-09 21:01:00,45,27.67,14.57,13.42624,52.48494
S0221,ST009,Mitte,Ubitricity,2026-08-15 07:10:00,58,15.05,8.08,13.38866,52.51772
S0222,ST015,Spandau,Ubitricity,2026-08-22 04:45:00,58,116.28,91.76,13.20384,52.53857
S0223,ST033,Charlottenburg,Allego,2026-08-05 03:43:00,41,11.45,6.82,13.3017,52.50449
S0224,ST025,Pankow,Ionity,2026-08-23 05:49:00,76,20.18,14.74,13.39284,52.57391
S0225,ST024,Mitte,EnBW,2026-08-07 02:45:00,50,7.56,3.89,13.38906,52.51103
S0226,ST009,Spandau,EnBW,2026-08-06 00:23:00,29,65.97,43.66,13.20654,52.53643
S0227,ST030,Pankow,Allego,2026-08-28 12:22:00,56,8.87,6.67,13.38391,52.565
S0228,ST039,Charlottenburg,Allego,2026-08-14 06:48:00,72,10.06,5.14,13.29523,52.49894
S0229,ST015,Charlottenburg,Ubitricity,2026-08-23 16:16:00,28,8.48,6.45,13.30681,52.51181
S0230,ST038,Mitte,Ionity,2026-08-08 21:07:00,70,56.02,22.68,13.39274,52.52665
S0231,ST026,Charlottenburg,Allego,2026-08-09 16:05:00,66,9.28,4.91,13.31798,52.50862
S0232,ST014,Charlottenburg,Ubitricity,2026-08-22 16:54:00,33,66.29,50.46,13.28511,52.51629
S0233,ST011,Mitte,Allego,2026-08-18 08:15:00,14,7.81,6.06,13.38672,52.51633
S0234,ST032,Mitte,Ubitricity,2026-08-08 22:15:00,50,16.03,6.29,13.40766,52.51119
S0235,ST009,Spandau,Allego,2026-08-19 18:15:00,61,44.69,23.39,13.21262,52.54116
S0236,ST026,Kreuzberg,Allego,2026-08-04 22:18:00,39,91.24,36.04,13.41946,52.47904
S0237,ST020,Charlottenburg,Ubitricity,2026-08-04 05:20:00,34,19.23,10.92,13.30277,52.50495
S0238,ST022,Neukoelln,EnBW,2026-08-04 20:31:00,47,74.45,57.53,13.43953,52.48681
S0239,ST006,Charlottenburg,EnBW,2026-08-21 19:59:00,46,6.27,4.28,13.30797,52.51367
S0240,ST019,Mitte,EnBW,2026-08-06 20:33:00,48,112.3,81.79,13.41707,52.51204
S0241,ST021,Spandau,Ubitricity,2026-08-06 20:52:00,48,35.88,19.11,13.18921,52.53127
S0242,ST037,Charlottenburg,Ubitricity,2026-08-02 06:31:00,53,5.99,3.35,13.30923,52.5219
S0243,ST015,Neukoelln,Allego,2026-08-05 14:40:00,31,3.73,2.9,13.42359,52.46896
S0244,ST040,Pankow,Ubitricity,2026-08-05 09:04:00,31,15.53,10.17,13.40058,52.56811
S0245,ST012,Charlottenburg,Allego,2026-08-13 09:00:00,46,6.54,3.71,13.30253,52.50635
S0246,ST035,Kreuzberg,Allego,2026-08-13 19:39:00,20,38.57,16.3,13.43239,52.49535
S0247,ST027,Charlottenburg,EnBW,2026-08-16 21:41:00,49,33.73,15.0,13.31461,52.51073
S0248,ST010,Spandau,EnBW,2026-08-18 18:26:00,57,124.91,66.7,13.18961,52.53859
S0249,ST013,Charlottenburg,Ionity,2026-08-08 08:41:00,47,5.95,2.55,13.30123,52.50404
S0250,ST038,Pankow,Ionity,2026-08-28 13:43:00,48,7.87,3.3,13.39758,52.57872
S0251,ST033,Neukoelln,Ionity,2026-08-15 21:25:00,66,10.29,6.25,13.45872,52.4726
S0252,ST004,Pankow,EnBW,2026-08-02 00:44:00,46,6.42,4.03,13.38853,52.5652
S0253,ST006,Spandau,Allego,2026-08-19 03:58:00,34,9.6,6.54,13.19419,52.53681
S0254,ST008,Charlottenburg,Allego,2026-08-12 16:47:00,55,9.38,5.63,13.29428,52.50974
S0255,ST036,Neukoelln,EnBW,2026-08-26 19:07:00,14,7.47,3.02,13.45641,52.47382
S0256,ST002,Charlottenburg,Ubitricity,2026-08-04 02:51:00,52,83.91,41.4,13.28601,52.52035
S0257,ST038,Spandau,EnBW,2026-08-18 22:48:00,65,151.85,108.31,13.21795,52.52833
S0258,ST003,Charlottenburg,Ionity,2026-08-06 19:52:00,68,161.37,104.55,13.304,52.51823
S0259,ST040,Kreuzberg,Ionity,2026-08-12 10:33:00,44,83.31,39.7,13.43576,52.49214
S0260,ST030,Mitte,Ubitricity,2026-08-12 10:00:00,53,97.06,50.88,13.39934,52.51344
S0261,ST039,Kreuzberg,Ionity,2026-08-21 04:46:00,80,190.1,125.16,13.41091,52.48456
S0262,ST003,Neukoelln,Ionity,2026-08-28 06:49:00,63,23.03,12.91,13.44287,52.47038
S0263,ST010,Charlottenburg,Ionity,2026-08-10 10:47:00,43,14.96,8.0,13.31413,52.50388
S0264,ST031,Neukoelln,EnBW,2026-08-08 07:22:00,41,29.68,13.37,13.42821,52.48933
S0265,ST026,Spandau,EnBW,2026-08-06 18:04:00,27,51.43,23.02,13.20879,52.53405
S0266,ST013,Neukoelln,Ionity,2026-08-19 05:19:00,5,2.62,1.63,13.4595,52.47657
S0267,ST005,Spandau,Ubitricity,2026-08-11 05:17:00,30,66.64,49.92,13.20186,52.5462
S0268,ST029,Spandau,Allego,2026-08-20 09:55:00,41,9.31,5.5,13.18398,52.5338
S0269,ST006,Mitte,Ionity,2026-08-26 18:21:00,76,23.42,15.87,13.3802,52.5145
S0270,ST021,Spandau,Ionity,2026-08-21 15:25:00,65,8.16,5.17,13.21202,52.53219
S0271,ST040,Pankow,EnBW,2026-08-25 15:38:00,24,2.79,1.53,13.41761,52.57896
S0272,ST040,Mitte,EnBW,2026-08-06 02:01:00,67,34.75,15.72,13.38571,52.52641
S0273,ST028,Mitte,EnBW,2026-08-18 21:37:00,33,25.45,18.74,13.38614,52.53155
S0274,ST031,Neukoelln,Ionity,2026-08-25 20:19:00,29,22.36,14.55,13.44198,52.48495
S0275,ST034,Neukoelln,EnBW,2026-08-05 08:00:00,73,45.29,27.77,13.42399,52.48742
S0276,ST006,Charlottenburg,Ionity,2026-08-20 04:07:00,61,137.65,57.0,13.30007,52.51133
S0277,ST024,Kreuzberg,Allego,2026-08-06 23:54:00,67,54.49,41.34,13.40648,52.4787
S0278,ST023,Spandau,Ubitricity,2026-08-15 06:20:00,47,80.52,56.84,13.18106,52.54384
S0279,ST026,Mitte,EnBW,2026-08-02 07:36:00,101,17.09,9.24,13.41628,52.51701
S0280,ST028,Spandau,Allego,2026-08-08 11:13:00,35,17.74,9.23,13.19702,52.53469
S0281,ST011,Pankow,Ubitricity,2026-08-28 08:48:00,34,12.37,5.5,13.392,52.56012
S0282,ST040,Mitte,Ubitricity,2026-08-07 18:03:00,5,1.33,0.99,13.38839,52.52921
S0283,ST029,Charlottenburg,Allego,2026-08-14 04:59:00,48,8.02,4.08,13.28098,52.50068
S0284,ST011,Mitte,Ubitricity,2026-08-22 12:05:00,56,29.82,16.57,13.40569,52.52397
S0285,ST003,Pankow,Allego,2026-08-07 20:44:00,57,47.11,18.66,13.38539,52.57228
S0286,ST021,Neukoelln,Ionity,2026-08-04 03:31:00,36,4.09,3.18,13.44102,52.46806
S0287,ST035,Kreuzberg,Ionity,2026-08-17 11:53:00,48,15.02,8.84,13.43675,52.48639
S0288,ST018,Kreuzberg,Allego,2026-08-01 08:17:00,77,25.2,10.52,13.40173,52.49021
S0289,ST021,Pankow,Ionity,2026-08-21 14:34:00,5,2.95,1.48,13.39323,52.56785
S0290,ST025,Spandau,Allego,2026-08-13 12:56:00,40,27.2,15.07,13.18572,52.55196
S0291,ST017,Mitte,Ubitricity,2026-08-08 06:42:00,25,7.73,3.37,13.41372,52.52682
S0292,ST029,Spandau,EnBW,2026-08-15 18:00:00,74,53.89,31.22,13.20589,52.53929
S0293,ST025,Charlottenburg,EnBW,2026-08-23 02:25:00,54,93.66,73.09,13.29066,52.51383
S0294,ST017,Charlottenburg,EnBW,2026-08-27 15:54:00,77,27.37,18.57,13.30088,52.50944
S0295,ST034,Kreuzberg,EnBW,2026-08-17 06:33:00,60,13.78,6.31,13.41463,52.49417
S0296,ST024,Kreuzberg,Ubitricity,2026-08-04 13:09:00,54,7.21,4.84,13.41501,52.48675
S0297,ST006,Spandau,EnBW,2026-08-13 09:28:00,25,16.27,10.87,13.19797,52.53948
S0298,ST034,Kreuzberg,Allego,2026-08-20 11:33:00,45,12.32,6.48,13.41525,52.47843
S0299,ST004,Kreuzberg,Allego,2026-08-10 22:34:00,33,5.01,2.5,13.41296,52.4838
S0300,ST028,Pankow,EnBW,2026-08-20 11:58:00,68,8.49,3.46,13.3977,52.56681
S0301,ST028,Spandau,EnBW,2026-08-12 07:24:00,60,49.4,36.06,13.18518,52.54285
S0302,ST005,Spandau,Ionity,2026-08-25 14:24:00,38,10.2,5.58,13.19659,52.55046
S0303,ST037,Spandau,Ubitricity,2026-08-15 22:53:00,41,4.83,2.73,13.2198,52.53223
S0304,ST013,Mitte,Ubitricity,2026-08-18 01:59:00,23,3.66,2.42,13.40215,52.52646
S0305,ST005,Pankow,Ionity,2026-08-04 15:05:00,53,6.18,4.51,13.38863,52.5689
S0306,ST027,Spandau,Allego,2026-08-14 01:55:00,50,7.52,4.82,13.19282,52.53257
S0307,ST018,Mitte,EnBW,2026-08-03 10:24:00,62,22.63,11.13,13.41436,52.52134
S0308,ST025,Neukoelln,Ubitricity,2026-08-28 17:16:00,67,40.3,20.63,13.42527,52.47298
S0309,ST032,Spandau,Allego,2026-08-12 10:12:00,25,20.27,11.61,13.20828,52.54393
S0310,ST021,Spandau,Ionity,2026-08-09 07:50:00,35,85.8,48.53,13.18802,52.53302
S0311,ST029,Neukoelln,Allego,2026-08-07 01:11:00,67,127.7,71.96,13.44557,52.46918
S0312,ST036,Mitte,Allego,2026-08-16 07:43:00,54,9.59,6.5,13.40995,52.52725
S0313,ST014,Neukoelln,Ionity,2026-08-15 03:12:00,23,5.55,3.91,13.45803,52.47795
S0314,ST010,Spandau,Ionity,2026-08-23 04:02:00,60,131.15,59.55,13.19785,52.5462
S0315,ST010,Neukoelln,EnBW,2026-08-09 10:35:00,17,12.51,9.09,13.42608,52.48718
S0316,ST019,Kreuzberg,Allego,2026-08-21 17:44:00,40,66.24,28.31,13.41858,52.49548
S0317,ST008,Pankow,Ionity,2026-08-27 11:07:00,48,34.86,22.76,13.38842,52.57375
S0318,ST032,Neukoelln,Ionity,2026-08-07 15:17:00,28,14.17,10.42,13.44391,52.48098
S0319,ST018,Mitte,Allego,2026-08-19 09:02:00,42,10.1,6.28,13.38403,52.50803
S0320,ST023,Kreuzberg,Ubitricity,2026-08-16 07:21:00,72,8.83,6.07,13.40715,52.49691
S0321,ST030,Charlottenburg,Ionity,2026-08-24 17:07:00,34,5.54,3.91,13.30382,52.50907
S0322,ST009,Mitte,Ubitricity,2026-08-19 11:04:00,70,150.28,81.13,13.40653,52.51193
S0323,ST031,Kreuzberg,EnBW,2026-08-05 08:06:00,51,6.85,2.96,13.40955,52.48167
S0324,ST037,Charlottenburg,Ionity,2026-08-17 08:23:00,35,61.11,47.04,13.29134,52.51133
S0325,ST035,Kreuzberg,Allego,2026-08-04 00:06:00,42,13.72,10.53,13.41954,52.49699
S0326,ST010,Neukoelln,EnBW,2026-08-01 13:25:00,53,8.75,5.6,13.42438,52.48168
S0327,ST014,Mitte,Allego,2026-08-08 19:49:00,77,12.22,8.6,13.40843,52.50949
S0328,ST040,Kreuzberg,Allego,2026-08-27 09:21:00,61,6.89,2.92,13.43037,52.4922
S0329,ST027,Kreuzberg,Ubitricity,2026-08-02 02:50:00,53,7.06,3.44,13.42935,52.49429
S0330,ST015,Kreuzberg,EnBW,2026-08-23 02:00:00,55,13.7,9.68,13.41919,52.48994
S0331,ST005,Charlottenburg,Allego,2026-08-28 20:03:00,12,1.98,1.44,13.31146,52.50022
S0332,ST032,Spandau,Allego,2026-08-09 22:59:00,71,154.26,78.86,13.18211,52.53919
S0333,ST033,Spandau,EnBW,2026-08-24 18:34:00,40,11.35,7.4,13.2053,52.52963
S0334,ST030,Charlottenburg,Allego,2026-08-16 18:58:00,45,11.21,8.56,13.31558,52.4992
S0335,ST022,Spandau,Ubitricity,2026-08-13 02:14:00,6,13.76,8.96,13.21345,52.53615
S0336,ST032,Neukoelln,Ionity,2026-08-04 15:26:00,62,31.09,17.23,13.43198,52.4715
S0337,ST026,Neukoelln,Ubitricity,2026-08-20 01:18:00,33,7.66,4.02,13.4597,52.47249
S0338,ST003,Pankow,Ubitricity,2026-08-27 05:24:00,24,5.7,2.84,13.41831,52.5667
S0339,ST040,Kreuzberg,Ubitricity,2026-08-10 15:20:00,58,46.2,35.68,13.42027,52.50173
S0340,ST001,Kreuzberg,Allego,2026-08-04 07:29:00,77,156.09,96.17,13.42629,52.49568
S0341,ST033,Spandau,Ubitricity,2026-08-05 08:42:00,5,0.91,0.51,13.20057,52.53595
S0342,ST004,Charlottenburg,Ubitricity,2026-08-16 11:44:00,63,153.58,119.87,13.28228,52.51804
S0343,ST029,Spandau,EnBW,2026-08-25 16:57:00,40,6.04,2.72,13.20428,52.53901
S0344,ST038,Charlottenburg,Ionity,2026-08-13 05:47:00,42,23.02,14.41,13.31929,52.51306
S0345,ST002,Kreuzberg,Ubitricity,2026-08-18 13:41:00,45,34.09,14.44,13.438,52.49335
S0346,ST037,Pankow,Ubitricity,2026-08-27 01:50:00,75,45.61,27.5,13.41575,52.56282
S0347,ST034,Mitte,Allego,2026-08-22 09:58:00,37,9.81,4.04,13.39191,52.51719
S0348,ST031,Charlottenburg,Allego,2026-08-20 10:59:00,57,45.43,25.68,13.28434,52.50425
S0349,ST031,Pankow,EnBW,2026-08-04 06:59:00,41,25.77,19.42,13.39801,52.57809
S0350,ST035,Spandau,Ubitricity,2026-08-22 17:54:00,67,8.12,5.34,13.21011,52.53461
S0351,ST019,Charlottenburg,Ionity,2026-08-09 14:49:00,80,162.35,64.08,13.30129,52.51475
S0352,ST005,Charlottenburg,Ionity,2026-08-25 19:43:00,16,13.23,9.54,13.31338,52.51508
S0353,ST008,Charlottenburg,Ubitricity,2026-08-13 23:53:00,82,25.79,13.58,13.2957,52.51734
S0354,ST034,Charlottenburg,Ubitricity,2026-08-22 09:08:00,65,19.37,9.21,13.30728,52.52019
S0355,ST016,Mitte,Ubitricity,2026-08-13 06:36:00,21,3.62,2.47,13.41141,52.52431
S0356,ST019,Kreuzberg,Ionity,2026-08-24 20:24:00,62,18.19,13.49,13.40525,52.4949
S0357,ST018,Spandau,Ionity,2026-08-25 19:38:00,69,145.75,104.9,13.19092,52.53311
S0358,ST034,Kreuzberg,Ionity,2026-08-04 10:13:00,38,5.18,2.03,13.42517,52.48133
S0359,ST038,Charlottenburg,Ionity,2026-08-02 17:52:00,62,11.26,6.5,13.29935,52.50506
S0360,ST014,Charlottenburg,EnBW,2026-08-27 18:34:00,68,17.13,11.57,13.28892,52.50215
S0361,ST005,Neukoelln,EnBW,2026-08-24 02:37:00,39,25.01,10.88,13.43561,52.49091
S0362,ST035,Pankow,EnBW,2026-08-22 08:04:00,50,8.45,5.46,13.40302,52.56835
S0363,ST040,Spandau,Allego,2026-08-04 12:10:00,84,142.02,71.44,13.18777,52.54566
S0364,ST013,Neukoelln,EnBW,2026-08-24 00:58:00,79,26.34,18.06,13.44452,52.46838
S0365,ST035,Charlottenburg,EnBW,2026-08-18 11:40:00,48,13.5,6.15,13.30529,52.5218
S0366,ST002,Charlottenburg,Ubitricity,2026-08-25 03:21:00,70,44.82,19.39,13.28616,52.51666
S0367,ST022,Pankow,EnBW,2026-08-16 04:54:00,65,161.89,70.19,13.40254,52.57019
S0368,ST034,Kreuzberg,Ubitricity,2026-08-25 23:46:00,27,8.75,4.76,13.43247,52.49819
S0369,ST014,Kreuzberg,Ubitricity,2026-08-01 00:52:00,68,15.09,10.9,13.43144,52.48913
S0370,ST022,Mitte,Ubitricity,2026-08-16 20:57:00,52,8.99,4.25,13.38974,52.52974
S0371,ST009,Pankow,Allego,2026-08-15 14:36:00,70,8.2,5.12,13.40546,52.57497
S0372,ST011,Pankow,Ubitricity,2026-08-21 21:55:00,46,7.97,5.38,13.38959,52.57359
S0373,ST008,Spandau,Ubitricity,2026-08-20 12:04:00,19,40.01,26.8,13.212,52.54934
S0374,ST003,Mitte,Allego,2026-08-04 06:51:00,17,5.32,2.08,13.39866,52.51765
S0375,ST037,Kreuzberg,Ubitricity,2026-08-09 01:09:00,67,11.94,6.89,13.41915,52.50096
S0376,ST021,Spandau,Ionity,2026-08-17 12:58:00,54,16.76,12.43,13.18289,52.52871
S0377,ST040,Spandau,Ionity,2026-08-23 01:42:00,51,7.49,4.56,13.19164,52.53753
S0378,ST030,Mitte,Allego,2026-08-04 22:41:00,32,10.93,7.48,13.40687,52.5316
S0379,ST023,Neukoelln,Ionity,2026-08-03 23:15:00,39,5.85,4.27,13.45393,52.47043
S0380,ST039,Charlottenburg,EnBW,2026-08-25 06:00:00,42,23.07,9.72,13.28174,52.51439
S0381,ST030,Neukoelln,Ubitricity,2026-08-20 18:41:00,62,18.37,8.71,13.45034,52.48605
S0382,ST009,Mitte,Ubitricity,2026-08-26 01:11:00,77,12.25,7.81,13.39173,52.51413
S0383,ST023,Kreuzberg,Ionity,2026-08-11 12:06:00,25,19.06,8.67,13.40652,52.50072
S0384,ST016,Spandau,Ionity,2026-08-14 17:01:00,75,44.35,23.34,13.20176,52.53656
S0385,ST016,Charlottenburg,EnBW,2026-08-26 02:34:00,30,4.99,2.27,13.28142,52.51843
S0386,ST011,Pankow,Allego,2026-08-17 01:41:00,31,5.61,3.68,13.3898,52.58002
S0387,ST014,Neukoelln,EnBW,2026-08-25 00:45:00,31,4.88,2.41,13.44863,52.49175
S0388,ST019,Kreuzberg,Ubitricity,2026-08-08 10:16:00,23,7.39,5.72,13.40367,52.49879
S0389,ST038,Spandau,Allego,2026-08-21 02:38:00,27,19.06,7.95,13.19565,52.52987
S0390,ST036,Spandau,Ionity,2026-08-24 15:41:00,48,25.19,19.59,13.2075,52.53456
S0391,ST017,Pankow,EnBW,2026-08-13 13:44:00,46,16.19,10.78,13.3978,52.57548
S0392,ST002,Mitte,Ubitricity,2026-08-27 07:06:00,59,45.87,33.58,13.41211,52.5241
S0393,ST005,Charlottenburg,Ionity,2026-08-06 21:42:00,27,4.64,2.9,13.30645,52.50233
S0394,ST006,Kreuzberg,Allego,2026-08-02 02:18:00,7,0.97,0.38,13.4341,52.48112
S0395,ST012,Charlottenburg,Allego,2026-08-12 23:16:00,49,33.36,17.95,13.28665,52.51392
S0396,ST002,Kreuzberg,Allego,2026-08-21 06:56:00,55,133.77,63.89,13.41537,52.48677
S0397,ST001,Spandau,Ionity,2026-08-04 21:24:00,38,66.99,48.54,13.18939,52.52871
S0398,ST008,Pankow,Ubitricity,2026-08-16 05:58:00,35,55.78,26.9,13.39761,52.56084
S0399,ST031,Mitte,Allego,2026-08-11 17:03:00,45,27.92,11.69,13.3889,52.52586
